a010013l	URWGothicL-Book
a010015l	URWGothicL-Demi
a010033l	URWGothicL-BookObli
a010035l	URWGothicL-DemiObli
AmiciLogoBoldRslant	AmiciLogoBoldReverseOblique
AmiciLogoBoldSlant	AmiciLogoBoldOblique
AmiciLogoRslant	AmiciLogoReverseOblique
AmiciLogoSlant	AmiciLogoOblique
Andale_Mono	AndaleMono
anttbi	AntykwaTorunska-BoldItalic
anttb	AntykwaTorunska-Bold
anttcbi	AntykwaTorunskaCond-BoldItalic
anttcb	AntykwaTorunskaCond-Bold
anttcli	AntykwaTorunskaCondLight-Italic
anttcl	AntykwaTorunskaCondLight-Regular
anttcmi	AntykwaTorunskaCondMed-Italic
anttcm	AntykwaTorunskaCondMed-Regular
anttcri	AntykwaTorunskaCond-Italic
anttcr	AntykwaTorunskaCond-Regular
anttli	AntykwaTorunskaLight-Italic
anttl	AntykwaTorunskaLight-Regular
anttmi	AntykwaTorunskaMed-Italic
anttm	AntykwaTorunskaMed-Regular
anttri	AntykwaTorunska-Italic
anttr	AntykwaTorunska-Regular
aram10	Archaic-Aramaic
Arial_Black	Arial-Black
Arial_Bold_Italic	Arial-BoldItalicMT
Arial_Bold	Arial-BoldMT
Arial_Italic	Arial-ItalicMT
Arial	ArialMT
augie___	Augie
AuriocusKalligraphicusBoldRslant	AuriocusKalligraphicusBoldReverseOblique
AuriocusKalligraphicusBoldSlant	AuriocusKalligraphicusBoldOblique
AuriocusKalligraphicusRslant	AuriocusKalligraphicusReverseOblique
AuriocusKalligraphicusSlant	AuriocusKalligraphicusOblique
b018012l	URWBookmanL-Ligh
b018015l	URWBookmanL-DemiBold
b018032l	URWBookmanL-LighItal
b018035l	URWBookmanL-DemiBoldItal
bchb8a	CharterBT-Bold
bchbi8a	CharterBT-BoldItalic
bchr8a	CharterBT-Roman
bchri8a	CharterBT-Italic
c0419bt_	Courier10PitchBT-Roman
c0582bt_	Courier10PitchBT-Italic
c0583bt_	Courier10PitchBT-Bold
c059013l	CenturySchL-Roma
c059016l	CenturySchL-Bold
c059033l	CenturySchL-Ital
c059036l	CenturySchL-BoldItal
c0611bt_	Courier10PitchBT-BoldItalic
c0632bt_	CharterBT-Bold
c0633bt_	CharterBT-BoldItalic
c0648bt_	CharterBT-Roman
c0649bt_	CharterBT-Italic
cmb10	CMB10
cmbsy10	CMBSY10
cmbsy5	CMBSY5
cmbsy7	CMBSY7
cmbx10	CMBX10
cmbx12	CMBX12
cmbx5	CMBX5
cmbx6	CMBX6
cmbx7	CMBX7
cmbx8	CMBX8
cmbx9	CMBX9
cmbxsl10	CMBXSL10
cmbxti10	CMBXTI10
cmcsc10	CMCSC10
cmdunh10	CMDUNH10
cmex10	CMEX10
cmff10	CMFF10
cmfi10	CMFI10
cmfib8	CMFIB8
cminch	CMINCH
cmitt10	CMITT10
cmmi10	CMMI10
cmmi12	CMMI12
cmmi5	CMMI5
cmmi6	CMMI6
cmmi7	CMMI7
cmmi8	CMMI8
cmmi9	CMMI9
cmmib10	CMMIB10
cmmib5	CMMIB5
cmmib7	CMMIB7
cmr10	CMR10
cmr12	CMR12
cmr17	CMR17
cmr5	CMR5
cmr6	CMR6
cmr7	CMR7
cmr8	CMR8
cmr9	CMR9
cmsl10	CMSL10
cmsl12	CMSL12
cmsl8	CMSL8
cmsl9	CMSL9
cmsltt10	CMSLTT10
cmss10	CMSS10
cmss12	CMSS12
cmss17	CMSS17
cmss8	CMSS8
cmss9	CMSS9
cmssbx10	CMSSBX10
cmssbxo10	ComputerModern-Sans-Bold-Oblique
cmssdc10	CMSSDC10
cmssi10	CMSSI10
cmssi12	CMSSI12
cmssi17	CMSSI17
cmssi8	CMSSI8
cmssi9	CMSSI9
cmssq8	CMSSQ8
cmssqi8	CMSSQI8
cmsy10	CMSY10
cmsy5	CMSY5
cmsy6	CMSY6
cmsy7	CMSY7
cmsy8	CMSY8
cmsy9	CMSY9
cmtcsc10	CMTCSC10
cmtex10	CMTEX10
cmtex8	CMTEX8
cmtex9	CMTEX9
cmti10	CMTI10
cmti12	CMTI12
cmti7	CMTI7
cmti8	CMTI8
cmti9	CMTI9
cmtt10	CMTT10
cmtt12	CMTT12
cmtt8	CMTT8
cmtt9	CMTT9
cmu10	CMU10
cmvtt10	CMVTT10
Comic_Sans_MS_Bold	ComicSansMS-Bold
Comic_Sans_MS	ComicSansMS
copsn10	Archaic-Old-Persian
copti	TeX-copti
copto	TeX-copto
Courier_New_Bold_Italic	CourierNewPS-BoldItalicMT
Courier_New_Bold	CourierNewPS-BoldMT
Courier_New_Italic	CourierNewPS-ItalicMT
Courier_New	CourierNewPSMT
cugar10	Archaic-Ugaritic-Cuneiform
cypr10	Archaic-Cypriot
d050000l	Dingbats
dictsym	DictSym
Domestic_Manners	DomesticManners
dustismo_bold_italic	DustismoBoldItalic
dustismo_bold	DustismoBold
dustismo_italic	DustismoItalic
Dustismo_Roman_Bold	DustismoRoman-Bold
Dustismo_Roman_Italic_Bold	DustismoRoman-BoldItalic
Dustismo_Roman_Italic	DustismoRoman-Italic
Dustismo_Roman	DustismoRoman
El_Abogado_Loco	ElAbogadoLoco
etr10	Archaic-Etruscan
euex10	EUEX10
eufb10	EUFB10
eufb5	EUFB5
eufb7	EUFB7
eufm10	EUFM10
eufm5	EUFM5
eufm7	EUFM7
eurb10	EURB10
eurb5	EURB5
eurb7	EURB7
eurm10	EURM10
eurm5	EURM5
eurm7	EURM7
eusb10	EUSB10
eusb5	EUSB5
eusb7	EUSB7
eusm10	EUSM10
eusm5	EUSM5
eusm7	EUSM7
fcmb6y	CMRomanAsian-Bold
fcmb6z	CMRomanCyrillic-Bold
fcmb8a	CMRoman-Bold
fcmbc6y	CMRomanAsian-BoldSC
fcmbc6z	CMRomanCyrillic-BoldSC
fcmbc8a	CMRoman-BoldSC
fcmbcpg	CMRomanGreek-BoldSC
fcmbi6y	CMRomanAsian-BoldItalic
fcmbi6z	CMRomanCyrillic-BoldItalic
fcmbi8a	CMRoman-BoldItalic
fcmbij6y	CMRomanAsian-BoldItalicOsF
fcmbij6z	CMRomanCyrillic-BoldItalicOsF
fcmbij8a	CMRoman-BoldItalicOsF
fcmbijpg	CMRomanGreek-BoldItalicOsF
fcmbipg	CMRomanGreek-BoldItalic
fcmbpg	CMRomanGreek-Bold
fcmr6y	CMRomanAsian-Regular
fcmr6z	CMRomanCyrillic-Regular
fcmr8a	CMRoman-Regular
fcmrc6y	CMRomanAsian-RegularSC
fcmrc6z	CMRomanCyrillic-RegularSC
fcmrc8a	CMRoman-RegularSC
fcmrcpg	CMRomanGreek-RegularSC
fcmri6y	CMRomanAsian-Italic
fcmri6z	CMRomanCyrillic-Italic
fcmri8a	CMRoman-Italic
fcmrij6y	CMRomanAsian-ItalicOsF
fcmrij6z	CMRomanCyrillic-ItalicOsF
fcmrij8a	CMRoman-ItalicOsF
fcmrijpg	CMRomanGreek-ItalicOsF
fcmripg	CMRomanGreek-Italic
fcmrpg	CMRomanGreek-Regular
fcsb6y	CMSansAsian-Bold
fcsb6z	CMSansCyrillic-Bold
fcsb8a	CMSans-Bold
fcsbo6y	CMSansAsian-BoldSlanted
fcsbo6z	CMSansCyrillic-BoldSlanted
fcsbo8a	CMSans-BoldSlanted
fcsbopg	CMSansGreek-BoldSlanted
fcsbpg	CMSansGreek-Bold
fcsr6y	CMSansAsian-Regular
fcsr6z	CMSansCyrillic-Regular
fcsr8a	CMSans-Regular
fcsro6y	CMSansAsian-Slanted
fcsro6z	CMSansCyrillic-Slanted
fcsro8a	CMSans-Slanted
fcsropg	CMSansGreek-Slanted
fcsrpg	CMSansGreek-Regular
fctr6y	CMTypewriterAsian-Regular
fctr6z	CMTypewriterCyrillic-Regular
fctr8a	CMTypewriter-Regular
fctrc6y	CMTypewriterAsian-RegularSC
fctrc6z	CMTypewriterCyrillic-RegularSC
fctrc8a	CMTypewriter-RegularSC
fctrcpg	CMTypewriterGreek-RegularSC
fctri6y	CMTypewriterAsian-Italic
fctri6z	CMTypewriterCyrillic-Italic
fctri8a	CMTypewriter-Italic
fctrij6y	CMTypewriterAsian-ItalicOsF
fctrij6z	CMTypewriterCyrillic-ItalicOsF
fctrij8a	CMTypewriter-ItalicOsF
fctrijpg	CMTypewriterGreek-ItalicOsF
fctripg	CMTypewriterGreek-Italic
fctrpg	CMTypewriterGreek-Regular
feybl10	TeX-feybl10
feybo10	TeX-feybo10
feybr10	TeX-feybr10
feyml10	TeX-feyml10
feymo10	TeX-feymo10
feymr10	TeX-feymr10
fibb84	FIBB84
fibr84	IbycusHTG-Regular
flatline	Flatline
fmex7	TeX-cmex7
fmex8	TeX-cmex8
fmex9	TeX-cmex9
fourier-alt-black	Fourier-Alternate-Black
fourier-alt-boldita	Fourier-Alternate-BoldItalic
fourier-alt-bold	Fourier-Alternate-Bold
fourier-alt-ita	Fourier-Alternate-Italic
fourier-alt-semiita	Fourier-Alternate-SemItalic
fourier-alt-semi	Fourier-Alternate-SemiBold
fourier-alt	Fourier-Alternate-Roman
fourier-bb	Fourier-Math-BlackBoard
fourier-mcl	Fourier-Math-Cal
fourier-mex	Fourier-Math-Extension
fourier-mlb	Fourier-Math-Letters-Bold
fourier-mlitb	Fourier-Math-Letters-Bold-Italic
fourier-mlit	Fourier-Math-Letters-Italic
fourier-ml	Fourier-Math-Letters
fourier-ms	Fourier-Math-Symbols
fplbij8a	TeXPalladioL-BoldItalicOsF
fplbj8a	TeXPalladioL-BoldOsF
fplmbb	PazoMathBlackboardBold
fplmbi	PazoMath-BoldItalic
fplmb	PazoMath-Bold
fplmri	PazoMath-Italic
fplmr	PazoMath
fplrc8a	TeXPalladioL-SC
fplrij8a	TeXPalladioL-ItalicOsF
freeeuro	FreeEuro
fruamn8z	fruamn
fruann8z	fruann
frucmn8z	frucmn
frucnn8z	frucnn
frulmn8z	frulmn
frulnm8z	frulnm
frulnn8z	frulnn
frulnr8z	frulnr
frulns8z	frulns
frummn8z	frummn
frumnn8z	frumnn
frunbn8z	frunbn
frunln8z	frunln
frunmm8z	frunmm
frunmn8z	frunmn
frunmr8z	frunmr
frunms8z	frunms
frunnn8z	frunnn
frutmn8z	frutmn
frutnn8z	frutnn
fut10	Archaic-Futharc
fveb8a	BeraSerif-Bold
fver8a	BeraSerif-Roman
fvmb8a	BeraSansMono-Bold
fvmbo8a	BeraSansMono-BoldOb
fvmr8a	BeraSansMono-Roman
fvmro8a	BeraSansMono-Oblique
fvsb8a	BeraSans-Bold
fvsbo8a	BeraSans-BoldOblique
fvsr8a	BeraSans-Roman
fvsro8a	BeraSans-Oblique
Georgia_Bold_Italic	Georgia-BoldItalic
Georgia_Bold	Georgia-Bold
Georgia_Italic	Georgia-Italic
geybl10	TeX-feybl10
geybo10	TeX-feybo10
geybr10	TeX-feybr10
geyml10	TeX-feyml10
geymo10	TeX-feymo10
geymr10	TeX-feymr10
givbc10	Archaic-Greek-4th-Century-BC
grkcurp	Greek-CourierPlain
gvibc10	Archaic-Greek-6th-Century-BC
hfbr10	HFBR10
hfbr17	HFBR17
hfbr8	HFBR8
hfbr9	HFBR9
hfbras10	HFBRAS10
hfbras8	HFBRAS8
hfbras9	HFBRAS9
hfbrbs10	HFBRBS10
hfbrbs8	HFBRBS8
hfbrbs9	HFBRBS9
hfbrbx10	HFBRBX10
hfbrmb10	HFBRMB10
hfbrmi10	HFBRMI10
hfbrmi8	HFBRMI8
hfbrmi9	HFBRMI9
hfbrsl10	HFBRSL10
hfbrsl17	HFBRSL17
hfbrsl8	HFBRSL8
hfbrsl9	HFBRSL9
hfbrsy10	HFBRSY10
hfbrsy8	HFBRSY8
hfbrsy9	HFBRSY9
hfsltl10	HFSLTL10
hftl10	HFTL10
Inuitbo	Inuit-Bold-Oblique
Inuitb	Inuit-Bold
Inuito	Inuit-Oblique
It_wasn_t_me	Itwasn'tme
iwonabi	Iwona-BoldItalic
iwonab	Iwona-Bold
iwonacbi	IwonaCond-BoldItalic
iwonacb	IwonaCond-Bold
iwonachi	IwonaCondHeavy-Italic
iwonach	IwonaCondHeavy-Regular
iwonacli	IwonaCondLight-Italic
iwonacl	IwonaCondLight-Regular
iwonacmi	IwonaCondMedium-Italic
iwonacm	IwonaCondMedium-Regular
iwonacri	IwonaCond-Italic
iwonacr	IwonaCond-Regular
iwonahi	IwonaHeavy-Italic
iwonah	IwonaHeavy-Regular
iwonali	IwonaLight-Italic
iwonal	IwonaLight-Regular
iwonami	IwonaMedium-Italic
iwonam	IwonaMedium-Regular
iwonari	Iwona-Italic
iwonar	Iwona-Regular
JanaSkrivanaBoldRslant	JanaSkrivanaBoldReverseOblique
JanaSkrivanaBoldSlant	JanaSkrivanaBoldOblique
JanaSkrivanaRslant	JanaSkrivanaReverseOblique
JanaSkrivanaSlant	JanaSkrivanaOblique
ktsy	Ktsy
lasy10	LASY10
lasy5	LASY5
lasy6	LASY6
lasy7	LASY7
lasy8	LASY8
lasy9	LASY9
lasyb10	LASYB10
lcircle1	LCIRCLE10
lcirclew	LCIRCLEW10
lcmss8	LCMSS8
lcmssb8	LCMSSB8
lcmssi8	LCMSSI8
linb10	Archaic-Linear-B
line10	LINE10
linew10	LINEW10
logo10	LOGO10
logo8	LOGO8
logo9	LOGO9
logobf10	LOGOBF10
logod10	LOGOD10
logosl10	LOGOSL10
logosl8	LOGOSL8
logosl9	LOGOSL9
LukasSvatbaBoldRslant	LukasSvatbaBoldReverseOblique
LukasSvatbaBoldSlant	LukasSvatbaBoldOblique
LukasSvatbaRslant	LukasSvatbaReverseOblique
LukasSvatbaSlant	LukasSvatbaOblique
marvosym	MarVoSym
md-chb7m	MathDesign-CH-Bold-MathItalic-10
md-chb7t	MathDesign-CH-Bold-OT1-10
md-chb7v	MathDesign-CH-Bold-Extension-10
md-chb7y	MathDesign-CH-Bold-Symbol-10
md-chb8c	MathDesign-CH-Bold-TS1-10
md-chb8d	MathDesign-CH-Bold-MathDesignSymbolA-10
md-chb8t	MathDesign-CH-Bold-T1-10
md-chbi7m	MathDesign-CH-Bold-Italic-MathItalic-10
md-chbi7t	MathDesign-CH-Bold-Italic-OT1-10
md-chbi8c	MathDesign-CH-Bold-Italic-TS1-10
md-chbi8t	MathDesign-CH-Bold-Italic-T1-10
md-chbma	MathDesign-CH-Bold-MathDesignSymbolA-10
md-chbmb	MathDesign-CH-Bold-MathDesignSymbolB-10
md-chr7m	MathDesign-CH-Regular-MathItalic-10
md-chr7t5	MathDesign-CH-Regular-OT1-5
md-chr7t6	MathDesign-CH-Regular-OT1-6
md-chr7t7	MathDesign-CH-Regular-OT1-7
md-chr7t8	MathDesign-CH-Regular-OT1-8
md-chr7t9	MathDesign-CH-Regular-OT1-9
md-chr7t	MathDesign-CH-Regular-OT1-10
md-chr7v	MathDesign-CH-Regular-Extension-10
md-chr7y	MathDesign-CH-Regular-Symbol-10
md-chr8c	MathDesign-CH-Regular-TS1-10
md-chr8d	MathDesign-CH-Regular-MathDesignSymbolA-10
md-chr8t	MathDesign-CH-Regular-T1-10
md-chree	MathDesign-CH-Regular-10
md-chri7m	MathDesign-CH-Regular-Italic-MathItalic-10
md-chri7t5	MathDesign-CH-Regular-Italic-OT1-5
md-chri7t6	MathDesign-CH-Regular-Italic-OT1-6
md-chri7t7	MathDesign-CH-Regular-Italic-OT1-7
md-chri7t8	MathDesign-CH-Regular-Italic-OT1-8
md-chri7t9	MathDesign-CH-Regular-Italic-OT1-9
md-chri7t	MathDesign-CH-Regular-Italic-OT1-10
md-chri8c	MathDesign-CH-Regular-Italic-TS1-10
md-chri8t	MathDesign-CH-Regular-Italic-T1-10
md-chrma	MathDesign-CH-Regular-MathDesignSymbolA-10
md-chrmb	MathDesign-CH-Regular-MathDesignSymbolB-10
md-gmm7m	MathDesign-GM-Medium-MathItalic-10
md-gmm7t	MathDesign-GM-Medium-OT1-10
md-gmm7v	MathDesign-GM-Medium-Extension-10
md-gmm7y	MathDesign-GM-Medium-Symbol-10
md-gmm8c	MathDesign-GM-Medium-TS1-10
md-gmm8t	MathDesign-GM-Medium-T1-10
md-gmmi7m	MathDesign-GM-Medium-Italic-MathItalic-10
md-gmmi7t	MathDesign-GM-Medium-Italic-OT1-10
md-gmmi8c	MathDesign-GM-Medium-Italic-TS1-10
md-gmmi8t	MathDesign-GM-Medium-Italic-T1-10
md-gmmma	MathDesign-GM-Medium-MathDesignSymbolA-10
md-gmmmb	MathDesign-GM-Medium-MathDesignSymbolB-10
md-gmr7m	MathDesign-GM-Regular-MathItalic-10
md-gmr7t	MathDesign-GM-Regular-OT1-10
md-gmr7v	MathDesign-GM-Regular-Extension-10
md-gmr7y	MathDesign-GM-Regular-Symbol-10
md-gmr8c	MathDesign-GM-Regular-TS1-10
md-gmr8t	MathDesign-GM-Regular-T1-10
md-gmri7m	MathDesign-GM-Regular-Italic-MathItalic-10
md-gmri7t	MathDesign-GM-Regular-Italic-OT1-10
md-gmri8c	MathDesign-GM-Regular-Italic-TS1-10
md-gmri8t	MathDesign-GM-Regular-Italic-T1-10
md-gmrma	MathDesign-GM-Regular-MathDesignSymbolA-10
md-gmrmb	MathDesign-GM-Regular-MathDesignSymbolB-10
md-utb7m	MathDesign-UT-Bold-MathItalic-10
md-utb7t	MathDesign-UT-Bold-OT1-10
md-utb7v	MathDesign-UT-Bold-Extension-10
md-utb7y	MathDesign-UT-Bold-Symbol-10
md-utb8c	MathDesign-UT-Bold-TS1-10
md-utb8t	MathDesign-UT-Bold-T1-10
md-utbi7m	MathDesign-UT-Bold-Italic-MathItalic-10
md-utbi7t	MathDesign-UT-Bold-Italic-OT1-10
md-utbi8c	MathDesign-UT-Bold-Italic-TS1-10
md-utbi8t	MathDesign-UT-Bold-Italic-T1-10
md-utbma	MathDesign-UT-Bold-MathDesignSymbolA-10
md-utbmb	MathDesign-UT-Bold-MathDesignSymbolB-10
md-utr7m	MathDesign-UT-Regular-MathItalic-10
md-utr7t	MathDesign-UT-Regular-OT1-10
md-utr7v	MathDesign-UT-Regular-Extension-10
md-utr7y	MathDesign-UT-Regular-Symbol-10
md-utr8c	MathDesign-UT-Regular-TS1-10
md-utr8t	MathDesign-UT-Regular-T1-10
md-utri7m	MathDesign-UT-Regular-Italic-MathItalic-10
md-utri7t	MathDesign-UT-Regular-Italic-OT1-10
md-utri8c	MathDesign-UT-Regular-Italic-TS1-10
md-utri8t	MathDesign-UT-Regular-Italic-T1-10
md-utrma	MathDesign-UT-Regular-MathDesignSymbolA-10
md-utrmb	MathDesign-UT-Regular-MathDesignSymbolB-10
msam10	MSAM10
msam5	MSAM5
msam7	MSAM7
msbm10	MSBM10
msbm5	MSBM5
msbm7	MSBM7
n019003l	NimbusSanL-Regu
n019004l	NimbusSanL-Bold
n019023l	NimbusSanL-ReguItal
n019024l	NimbusSanL-BoldItal
n019043l	NimbusSanL-ReguCond
n019044l	NimbusSanL-BoldCond
n019063l	NimbusSanL-ReguCondItal
n019064l	NimbusSanL-BoldCondItal
n021003l	NimbusRomNo9L-Regu
n021004l	NimbusRomNo9L-Medi
n021023l	NimbusRomNo9L-ReguItal
n021024l	NimbusRomNo9L-MediItal
n022003l	NimbusMonL-Regu
n022004l	NimbusMonL-Bold
n022023l	NimbusMonL-ReguObli
n022024l	NimbusMonL-BoldObli
nab10	Archaic-Nabatean
oandsi10	Archaic-OandS-Italic
oandsu10	Archaic-OandS
omding	OmegaDingbats
omsea1b	OmegaSerifArabicOne-Bold
omsea1	OmegaSerifArabicOne
omsea2b	OmegaSerifArabicTwo-Bold
omsea2	OmegaSerifArabicTwo
omsea3b	OmegaSerifArabicThree-Bold
omsea3	OmegaSerifArabicThree
omsecobi	OmegaSerifCommon-BoldItalic
omsecob	OmegaSerifCommon-Bold
omsecoi	OmegaSerifCommon-Italic
omseco	OmegaSerifCommon
omsecx	OmegaSerifCyrillicExtended
omsecyb	OmegaSerifCyrillic-Bold
omsecyi	OmegaSerifCyrillic-Italic
omsecy	OmegaSerifCyrillic
omsegrbi	OmegaSerifGreek-BoldItalic
omsegrb	OmegaSerifGreek-Bold
omsegri	OmegaSerifGreek-Italic
omsegr	OmegaSerifGreek
omseha	OmegaSerifArmenian
omsehe	OmegaSerifHebrew
omseip	OmegaSerifIPA
omselabi	OmegaSerifLatin-BoldItalic
omselab	OmegaSerifLatin-Bold
omselai	OmegaSerifLatin-Italic
omsela	OmegaSerifLatin
omseti	OmegaSerifTifinagh
omssti	OmegaSansTifinagh
opens___	OpenSymbol
p052003l	URWPalladioL-Roma
p052004l	URWPalladioL-Bold
p052023l	URWPalladioL-Ital
p052024l	URWPalladioL-BoldItal
pcrb8a	Courier-Bold
pcrbi8a	Courier-BoldItalic
pcrbo8a	Courier-BoldItalic
pcri8a	Courier-Italic
pcrr8a	Courier
pcrro8a	Courier-Italic
phnc10	Archaic-Phoenician
pmhg	Archaic-Poor-Mans-Hieroglyphs
proto10	Archaic-ProtoSemitic
putb8a	Utopia-Bold
putbi8a	Utopia-BoldItalic
putr8a	Utopia-Regular
putri8a	Utopia-Italic
pxbexa	Pxbexa
pxbex	Pxbex
pxbmia	Pxbmia
pxbsya	Pxbsya
pxbsyb	Pxbsyb
pxbsyc	Pxbsyc
pxbsy	Pxbsy
pxexa	Pxexa
pxex	Pxex
pxmia	Pxmia
pxsya	Pxsya
pxsyb	Pxsyb
pxsyc	Pxsyc
pxsy	Pxsy
rpcxbi	Rpcxbi
rpcxb	Rpcxb
rpcxi	Rpcxi
rpcxr	Rpcxr
rpxbi	Rpxbi
rpxbmi	Rpxbmi
rpxbsc	Rpxbsc
rpxb	Rpxb
rpxi	Rpxi
rpxmi	Rpxmi
rpxr	Rpxr
rpxsc	Rpxsc
s050000l	StandardSymL
sarab10	Archaic-South-Arabian
tap	Tapir
Times_New_Roman_Bold_Italic	TimesNewRomanPS-BoldItalicMT
Times_New_Roman_Bold	TimesNewRomanPS-BoldMT
Times_New_Roman_Italic	TimesNewRomanPS-ItalicMT
Times_New_Roman	TimesNewRomanPSMT
Trebuchet_MS_Bold_Italic	Trebuchet-BoldItalic
Trebuchet_MS_Bold	TrebuchetMS-Bold
Trebuchet_MS_Italic	TrebuchetMS-Italic
Trebuchet_MS	TrebuchetMS
trjnr10	Trajan-Roman
trjnsl10	Trajan-Slanted
uagd8a	URWGothicL-Demi
uagdo8a	URWGothicL-DemiObli
uagk8a	URWGothicL-Book
uagko8a	URWGothicL-BookObli
uaqr8ac	URWAntiquaT-RegularCondensed
ubkd8a	URWBookmanL-DemiBold
ubkdi8a	URWBookmanL-DemiBoldItal
ubkl8a	URWBookmanL-Ligh
ubkli8a	URWBookmanL-LighItal
ucrb8a	NimbusMonL-Bold
ucrbo8a	NimbusMonL-BoldObli
ucrr8a	NimbusMonL-Regu
ucrro8a	NimbusMonL-ReguObli
ugqb8a	URWGroteskT-Bold
uhvb8ac	NimbusSanL-BoldCond
uhvb8a	NimbusSanL-Bold
uhvbo8ac	NimbusSanL-BoldCondItal
uhvbo8a	NimbusSanL-BoldItal
uhvboc8a	NimbusSanL-BoldCondItal
uhvbrc8a	NimbusSanL-BoldCond
uhvr8a-105	NimbusSanL-Regu
uhvr8ac	NimbusSanL-ReguCond
uhvr8a	NimbusSanL-Regu
uhvro8a-105	NimbusSanL-ReguItal
uhvro8ac	NimbusSanL-ReguCondItal
uhvro8a	NimbusSanL-ReguItal
uhvroc8a	NimbusSanL-ReguCondItal
uhvrrc8a	NimbusSanL-ReguCond
uncb8a	CenturySchL-Bold
uncbi8a	CenturySchL-BoldItal
uncr8a	CenturySchL-Roma
uncri8a	CenturySchL-Ital
uplb8a	URWPalladioL-Bold
uplbi8a	URWPalladioL-BoldItal
uplr8a	URWPalladioL-Roma
uplri8a	URWPalladioL-Ital
usyr	StandardSymL
utmb8a	NimbusRomNo9L-Medi
utmbi8a	NimbusRomNo9L-MediItal
utmr8a	NimbusRomNo9L-Regu
utmri8a	NimbusRomNo9L-ReguItal
uzcmi8a	URWChanceryL-MediItal
uzdr	Dingbats
vect10	TeX-vect10
vect5	TeX-vect5
vect6	TeX-vect6
vect7	TeX-vect7
vect8	TeX-vect8
vect9	TeX-vect9
VeraBd	BitstreamVeraSans-Bold
VeraBI	BitstreamVeraSans-BoldOblique
VeraIt	BitstreamVeraSans-Oblique
VeraMoBd	BitstreamVeraSansMono-Bold
VeraMoBI	BitstreamVeraSansMono-BoldOb
VeraMoIt	BitstreamVeraSansMono-Oblique
VeraMono	BitstreamVeraSansMono-Roman
VeraSeBd	BitstreamVeraSerif-Bold
VeraSe	BitstreamVeraSerif-Roman
Vera	BitstreamVeraSans-Roman
Verdana_Bold_Italic	Verdana-BoldItalic
Verdana_Bold	Verdana-Bold
Verdana_Italic	Verdana-Italic
wncyb10	WNCYB10
wncyi10	WNCYI10
wncyr10	WNCYR10
wncysc10	WNCYSC10
wncyss10	WNCYSS10
xyatip10	XYATIP10
xybsql10	XYBSQL10
xybtip10	XYBTIP10
xycirc10	XYCIRC10
xycmat10	XYCMAT10
xycmbt10	XYCMBT10
xydash10	XYDASH10
xyeuat10	XYEUAT10
xyeubt10	XYEUBT10
yfrak	yfrak-Regular
ygoth	ygoth-Regular
yswab	yswab-Regular
z003034l	URWChanceryL-MediItal
